{
  "configVersion": 1,
  "general": {
    "displayTooltip": true,
    "shiftForDetails": false,
    "displayMode": "TOGGLE",
    "hideFromPlayerList": true,
    "hideFromDebug": true,
    "enableTextToSpeech": false,
    "rateLimit": 250,
    "maxHealthForRender": 40,
    "maxHeartsPerLine": 10
  },
  "overlay": {
    "position": {
      "x": 10,
      "y": -10,
      "alignX": "LEFT",
      "alignY": "BOTTOM",
      "anchorX": "LEFT",
      "anchorY": "BOTTOM"
    },
    "scale": 0.5,
    "color": {
      "alpha": 80,
      "themes": [
        {
          "id": "waila:dark",
          "backgroundColor": 1250067,
          "gradientStart": 3684408,
          "gradientEnd": 2368548,
          "fontColor": 10526880
        },
        {
          "id": "waila:vanilla",
          "backgroundColor": 1048592,
          "gradientStart": 5243135,
          "gradientEnd": 2621567,
          "fontColor": 10526880
        }
      ],
      "activeTheme": "waila:vanilla"
    }
  },
  "formatting": {
    "modName": "§9§o%s",
    "blockName": "§f%s",
    "fluidName": "§f%s",
    "entityName": "§f%s",
    "registryName": "§8%s"
  }
}