{"loader":{"loaderType":"forge","mcVersion":"1.16.5","loaderVersion":"1.16.5-36.2.33","source":"curseforge","sourceName":"Serveur forge medieval"},"timePlayed":29,"background":null,"mods":[{"displayName":"jei-1.16.5-7.6.4.90.jar","fileName":"jei-1.16.5-7.6.4.90.jar","fileDate":"2021-05-02T01:18:26.75Z","fileLength":796671,"releaseType":2,"fileStatus":4,"downloadUrl":"https://edge.forgecdn.net/files/3295/418/jei-1.16.5-7.6.4.90.jar","isAlternate":false,"alternateFileId":0,"dependencies":[],"isAvailable":true,"modules":[{"foldername":"META-INF","fingerprint":3436167651,"type":3},{"foldername":"mezz","fingerprint":3868044604,"type":3},{"foldername":"pack.mcmeta","fingerprint":1645019714,"type":3},{"foldername":"assets","fingerprint":586425286,"type":3}],"packageFingerprint":453100520,"gameVersion":["1.16.5","Forge"],"sortableGameVersion":[{"gameVersionPadded":"0000000001.0000000016.0000000005","gameVersion":"1.16.5","gameVersionReleaseDate":"2021-01-15T14:14:48.91Z","gameVersionName":"1.16.5","gameVersionTypeId":70886},{"gameVersionPadded":"0","gameVersion":"","gameVersionReleaseDate":"2019-08-01T00:00:00Z","gameVersionName":"Forge","gameVersionTypeId":68441}],"installMetadata":null,"changelog":null,"hasInstallScript":false,"isCompatibleWithClient":false,"categorySectionPackageType":6,"restrictProjectFileAccess":1,"projectStatus":4,"renderCacheId":2290700,"fileLegacyMappingId":null,"projectId":238222,"parentProjectFileId":null,"parentFileLegacyMappingId":null,"fileTypeId":null,"exposeAsAlternative":null,"packageFingerprintId":654536677,"gameVersionDateReleased":"2008-03-01T06:00:00Z","gameVersionMappingId":2903912,"gameVersionId":4458,"gameId":432,"isServerPack":false,"serverPackFileId":null,"gameVersionFlavor":null,"hashes":[{"algorithm":1,"value":"dddcbeda9b83a95adb46086d044d633b53c4f014"},{"algorithm":2,"value":"e6591cc6f160e24197ab0c376480c07c"}],"downloadCount":486735,"name":"Just Enough Items (JEI)","projectID":238222,"fileID":3295418},{"fileName":"OptiFine_1.16.5_HD_U_G8.jar","displayName":"OptiFine_1.16.5_HD_U_G8.jar","packageFingerprint":2499884238},{"displayName":"curiouselytra-forge-1.16.5-4.0.2.4.jar","fileName":"curiouselytra-forge-1.16.5-4.0.2.4.jar","fileDate":"2021-11-11T05:12:17.997Z","fileLength":35409,"releaseType":1,"fileStatus":4,"downloadUrl":"https://edge.forgecdn.net/files/3522/97/curiouselytra-forge-1.16.5-4.0.2.4.jar","isAlternate":false,"alternateFileId":3522098,"dependencies":[{"id":78078040,"addonId":308989,"type":3,"fileId":3522097},{"id":78078041,"addonId":309927,"type":3,"fileId":3522097}],"isAvailable":true,"modules":[{"foldername":"META-INF","fingerprint":1615401440,"type":3},{"foldername":"top","fingerprint":3410513641,"type":3},{"foldername":"CHANGELOG.md","fingerprint":56591279,"type":3},{"foldername":"curiouselytra_icon.png","fingerprint":2512131936,"type":3},{"foldername":"data","fingerprint":2177482972,"type":3},{"foldername":"licenses","fingerprint":3368067102,"type":3},{"foldername":"pack.mcmeta","fingerprint":1111621113,"type":3},{"foldername":"README.md","fingerprint":347289972,"type":3}],"packageFingerprint":3365211646,"gameVersion":["1.16.5","Forge"],"sortableGameVersion":[{"gameVersionPadded":"0000000001.0000000016.0000000005","gameVersion":"1.16.5","gameVersionReleaseDate":"2021-01-15T14:14:48.91Z","gameVersionName":"1.16.5","gameVersionTypeId":70886},{"gameVersionPadded":"0","gameVersion":"","gameVersionReleaseDate":"2019-08-01T00:00:00Z","gameVersionName":"Forge","gameVersionTypeId":68441}],"installMetadata":null,"changelog":null,"hasInstallScript":false,"isCompatibleWithClient":false,"categorySectionPackageType":6,"restrictProjectFileAccess":1,"projectStatus":4,"renderCacheId":2579449,"fileLegacyMappingId":null,"projectId":317716,"parentProjectFileId":null,"parentFileLegacyMappingId":null,"fileTypeId":null,"exposeAsAlternative":null,"packageFingerprintId":782144895,"gameVersionDateReleased":"2008-03-01T06:00:00Z","gameVersionMappingId":3456909,"gameVersionId":4458,"gameId":432,"isServerPack":false,"serverPackFileId":null,"gameVersionFlavor":null,"hashes":[{"algorithm":1,"value":"9f8e5f5efdad9cad6421d41fb4ec81b3c1a19cae"},{"algorithm":2,"value":"1fcf661b315e2dd5c46d50407f308aa8"}],"downloadCount":128737,"projectID":317716,"name":"Curious Elytra (Forge)","fileID":3522097},{"displayName":"caelus-forge-1.16.5-2.1.3.2.jar","fileName":"caelus-forge-1.16.5-2.1.3.2.jar","fileDate":"2021-11-11T05:06:39.637Z","fileLength":41824,"releaseType":1,"fileStatus":4,"downloadUrl":"https://edge.forgecdn.net/files/3522/94/caelus-forge-1.16.5-2.1.3.2.jar","isAlternate":false,"alternateFileId":3522095,"dependencies":[],"isAvailable":true,"modules":[{"foldername":"META-INF","fingerprint":3423097245,"type":3},{"foldername":"top","fingerprint":345727720,"type":3},{"foldername":"assets","fingerprint":353144346,"type":3},{"foldername":"caelus.mixins.json","fingerprint":2479739610,"type":3},{"foldername":"caelus_icon.png","fingerprint":2107451488,"type":3},{"foldername":"CHANGELOG.md","fingerprint":1590883417,"type":3},{"foldername":"data","fingerprint":4073022409,"type":3},{"foldername":"licenses","fingerprint":3374142206,"type":3},{"foldername":"pack.mcmeta","fingerprint":2008059415,"type":3},{"foldername":"README.md","fingerprint":847246422,"type":3},{"foldername":"caelus.refmap.json","fingerprint":3426438488,"type":3}],"packageFingerprint":1707040033,"gameVersion":["1.16.5","Forge","1.16.4"],"sortableGameVersion":[{"gameVersionPadded":"0000000001.0000000016.0000000005","gameVersion":"1.16.5","gameVersionReleaseDate":"2021-01-15T14:14:48.91Z","gameVersionName":"1.16.5","gameVersionTypeId":70886},{"gameVersionPadded":"0","gameVersion":"","gameVersionReleaseDate":"2019-08-01T00:00:00Z","gameVersionName":"Forge","gameVersionTypeId":68441},{"gameVersionPadded":"0000000001.0000000016.0000000004","gameVersion":"1.16.4","gameVersionReleaseDate":"2020-11-02T18:40:51.49Z","gameVersionName":"1.16.4","gameVersionTypeId":70886}],"installMetadata":null,"changelog":null,"hasInstallScript":false,"isCompatibleWithClient":false,"categorySectionPackageType":6,"restrictProjectFileAccess":1,"projectStatus":4,"renderCacheId":2579446,"fileLegacyMappingId":null,"projectId":308989,"parentProjectFileId":null,"parentFileLegacyMappingId":null,"fileTypeId":null,"exposeAsAlternative":null,"packageFingerprintId":782144829,"gameVersionDateReleased":"2008-03-01T06:00:00Z","gameVersionMappingId":3456897,"gameVersionId":4458,"gameId":432,"isServerPack":false,"serverPackFileId":null,"gameVersionFlavor":null,"hashes":[{"algorithm":1,"value":"034f5163304a9e3d931faa0a03cb55d9446480b9"},{"algorithm":2,"value":"9396031a7b6564efe4601728c023cd6a"}],"downloadCount":0,"projectID":308989,"name":"Caelus API (Forge)","fileID":3522094},{"displayName":"CMDCam_v1.5.24_mc1.16.5.jar","fileName":"CMDCam_v1.5.24_mc1.16.5.jar","fileDate":"2021-11-22T13:59:16.637Z","fileLength":82251,"releaseType":1,"fileStatus":4,"downloadUrl":"https://edge.forgecdn.net/files/3533/801/CMDCam_v1.5.24_mc1.16.5.jar","isAlternate":false,"alternateFileId":0,"dependencies":[{"id":78990533,"addonId":257814,"type":3,"fileId":3533801}],"isAvailable":true,"modules":[{"foldername":"pack.mcmeta","fingerprint":732236812,"type":3},{"foldername":"META-INF","fingerprint":1650381249,"type":3},{"foldername":"cmdcam.png","fingerprint":3783215248,"type":3},{"foldername":"team","fingerprint":1604272542,"type":3},{"foldername":"assets","fingerprint":1607185518,"type":3}],"packageFingerprint":2386770966,"gameVersion":["1.16.5","Forge"],"sortableGameVersion":[{"gameVersionPadded":"0000000001.0000000016.0000000005","gameVersion":"1.16.5","gameVersionReleaseDate":"2021-01-15T14:14:48.91Z","gameVersionName":"1.16.5","gameVersionTypeId":70886},{"gameVersionPadded":"0","gameVersion":"","gameVersionReleaseDate":"2019-08-01T00:00:00Z","gameVersionName":"Forge","gameVersionTypeId":68441}],"installMetadata":null,"changelog":null,"hasInstallScript":false,"isCompatibleWithClient":false,"categorySectionPackageType":6,"restrictProjectFileAccess":1,"projectStatus":4,"renderCacheId":2594267,"fileLegacyMappingId":null,"projectId":251244,"parentProjectFileId":null,"parentFileLegacyMappingId":null,"fileTypeId":null,"exposeAsAlternative":null,"packageFingerprintId":790325648,"gameVersionDateReleased":"2019-08-01T00:00:00Z","gameVersionMappingId":3487427,"gameVersionId":7498,"gameId":432,"isServerPack":false,"serverPackFileId":null,"gameVersionFlavor":null,"hashes":[{"algorithm":1,"value":"13562f8a505dedac2c304c729b1c12fdb424ed77"},{"algorithm":2,"value":"cbb97809f3e19c7638bc29875dcc4b5b"}],"downloadCount":0,"projectID":251244,"name":"CMDCam","fileID":3533801},{"displayName":"curios-forge-1.16.5-4.0.5.3.jar","fileName":"curios-forge-1.16.5-4.0.5.3.jar","fileDate":"2021-09-11T22:21:49.353Z","fileLength":246281,"releaseType":1,"fileStatus":4,"downloadUrl":"https://edge.forgecdn.net/files/3456/953/curios-forge-1.16.5-4.0.5.3.jar","isAlternate":false,"alternateFileId":3456954,"dependencies":[],"isAvailable":true,"modules":[{"foldername":"META-INF","fingerprint":4256455901,"type":3},{"foldername":"top","fingerprint":2804167027,"type":3},{"foldername":"assets","fingerprint":904727021,"type":3},{"foldername":"CHANGELOG.md","fingerprint":1167743156,"type":3},{"foldername":"curios_icon.png","fingerprint":1224242090,"type":3},{"foldername":"data","fingerprint":4248303262,"type":3},{"foldername":"licenses","fingerprint":3550732819,"type":3},{"foldername":"pack.mcmeta","fingerprint":2759340961,"type":3},{"foldername":"README.md","fingerprint":4172690372,"type":3}],"packageFingerprint":920080633,"gameVersion":["1.16.5","Forge","1.16.4"],"sortableGameVersion":[{"gameVersionPadded":"0000000001.0000000016.0000000005","gameVersion":"1.16.5","gameVersionReleaseDate":"2021-01-15T14:14:48.91Z","gameVersionName":"1.16.5","gameVersionTypeId":70886},{"gameVersionPadded":"0","gameVersion":"","gameVersionReleaseDate":"2019-08-01T00:00:00Z","gameVersionName":"Forge","gameVersionTypeId":68441},{"gameVersionPadded":"0000000001.0000000016.0000000004","gameVersion":"1.16.4","gameVersionReleaseDate":"2020-11-02T18:40:51.49Z","gameVersionName":"1.16.4","gameVersionTypeId":70886}],"installMetadata":null,"changelog":null,"hasInstallScript":false,"isCompatibleWithClient":false,"categorySectionPackageType":6,"restrictProjectFileAccess":1,"projectStatus":4,"renderCacheId":2496877,"fileLegacyMappingId":null,"projectId":309927,"parentProjectFileId":null,"parentFileLegacyMappingId":null,"fileTypeId":null,"exposeAsAlternative":null,"packageFingerprintId":743386407,"gameVersionDateReleased":"2008-03-01T06:00:00Z","gameVersionMappingId":3298580,"gameVersionId":4458,"gameId":432,"isServerPack":false,"serverPackFileId":null,"gameVersionFlavor":null,"hashes":[{"algorithm":1,"value":"a69c63694c671ecb9adb72e8f303c1196219950f"},{"algorithm":2,"value":"15ff549e39f809bed3a751cf768fb72f"}],"downloadCount":2846132,"projectID":309927,"name":"Curios API (Forge)","fileID":3456953},{"displayName":"CreativeCore_v2.2.1_mc1.16.5.jar","fileName":"CreativeCore_v2.2.1_mc1.16.5.jar","fileDate":"2021-08-09T09:13:38.53Z","fileLength":631207,"releaseType":1,"fileStatus":4,"downloadUrl":"https://edge.forgecdn.net/files/3419/983/CreativeCore_v2.2.1_mc1.16.5.jar","isAlternate":false,"alternateFileId":0,"dependencies":[],"isAvailable":true,"modules":[{"foldername":"creativecore.png","fingerprint":1124175186,"type":3},{"foldername":"pack.mcmeta","fingerprint":4194635062,"type":3},{"foldername":"assets","fingerprint":1799390839,"type":3},{"foldername":"META-INF","fingerprint":708800546,"type":3},{"foldername":"team","fingerprint":3427769675,"type":3}],"packageFingerprint":854647538,"gameVersion":["1.16.5"],"sortableGameVersion":[{"gameVersionPadded":"0000000001.0000000016.0000000005","gameVersion":"1.16.5","gameVersionReleaseDate":"2021-01-15T14:14:48.91Z","gameVersionName":"1.16.5","gameVersionTypeId":70886}],"installMetadata":null,"changelog":null,"hasInstallScript":false,"isCompatibleWithClient":false,"categorySectionPackageType":6,"restrictProjectFileAccess":1,"projectStatus":4,"renderCacheId":2449095,"fileLegacyMappingId":null,"projectId":257814,"parentProjectFileId":null,"parentFileLegacyMappingId":null,"fileTypeId":null,"exposeAsAlternative":null,"packageFingerprintId":722781667,"gameVersionDateReleased":"2021-01-15T14:14:48.91Z","gameVersionMappingId":3206857,"gameVersionId":8203,"gameId":432,"isServerPack":false,"serverPackFileId":null,"gameVersionFlavor":null,"hashes":[{"algorithm":1,"value":"3ebaf255fd6aff4fc3e25422981a2f07b4dc4cd3"},{"algorithm":2,"value":"c32d3e1df267d820eb2b1b8e8adb75e1"}],"downloadCount":1331978,"projectID":257814,"name":"CreativeCore","fileID":3419983},{"displayName":"v21.22.2 for Forge 1.16.5 - 1.16.2","fileName":"Xaeros_Minimap_21.22.2_Forge_1.16.5.jar","fileDate":"2021-11-21T13:04:40.973Z","fileLength":1089277,"releaseType":1,"fileStatus":4,"downloadUrl":"https://edge.forgecdn.net/files/3532/550/Xaeros_Minimap_21.22.2_Forge_1.16.5.jar","isAlternate":false,"alternateFileId":0,"dependencies":[],"isAvailable":true,"modules":[{"foldername":"META-INF","fingerprint":2190961498,"type":3},{"foldername":"assets","fingerprint":1226306682,"type":3},{"foldername":"pack.mcmeta","fingerprint":3032192875,"type":3},{"foldername":"xaero","fingerprint":1173869673,"type":3}],"packageFingerprint":296073945,"gameVersion":["1.16.3","1.16.5","Forge","1.16.4","1.16.2"],"sortableGameVersion":[{"gameVersionPadded":"0000000001.0000000016.0000000003","gameVersion":"1.16.3","gameVersionReleaseDate":"2020-09-10T14:44:20.443Z","gameVersionName":"1.16.3","gameVersionTypeId":70886},{"gameVersionPadded":"0000000001.0000000016.0000000005","gameVersion":"1.16.5","gameVersionReleaseDate":"2021-01-15T14:14:48.91Z","gameVersionName":"1.16.5","gameVersionTypeId":70886},{"gameVersionPadded":"0","gameVersion":"","gameVersionReleaseDate":"2019-08-01T00:00:00Z","gameVersionName":"Forge","gameVersionTypeId":68441},{"gameVersionPadded":"0000000001.0000000016.0000000004","gameVersion":"1.16.4","gameVersionReleaseDate":"2020-11-02T18:40:51.49Z","gameVersionName":"1.16.4","gameVersionTypeId":70886},{"gameVersionPadded":"0000000001.0000000016.0000000002","gameVersion":"1.16.2","gameVersionReleaseDate":"2020-08-11T16:42:21.863Z","gameVersionName":"1.16.2","gameVersionTypeId":70886}],"installMetadata":null,"changelog":null,"hasInstallScript":false,"isCompatibleWithClient":false,"categorySectionPackageType":6,"restrictProjectFileAccess":1,"projectStatus":4,"renderCacheId":2592686,"fileLegacyMappingId":null,"projectId":263420,"parentProjectFileId":null,"parentFileLegacyMappingId":null,"fileTypeId":null,"exposeAsAlternative":null,"packageFingerprintId":789579010,"gameVersionDateReleased":"2019-08-01T00:00:00Z","gameVersionMappingId":3484044,"gameVersionId":7498,"gameId":432,"isServerPack":false,"serverPackFileId":null,"gameVersionFlavor":null,"hashes":[{"algorithm":1,"value":"b5c8f31c5f786580b3ca57d6a15ff3e617dad5dc"},{"algorithm":2,"value":"2d346b034592b2e58454d735f4cb52db"}],"downloadCount":13967,"projectID":263420,"name":"Xaero's Minimap","fileID":3532550},{"displayName":"StorageDrawers-1.16.3-8.5.1.jar","fileName":"StorageDrawers-1.16.3-8.5.1.jar","fileDate":"2022-01-18T00:22:05.293Z","fileLength":575661,"releaseType":1,"fileStatus":4,"downloadUrl":"https://edge.forgecdn.net/files/3611/471/StorageDrawers-1.16.3-8.5.1.jar","isAlternate":false,"alternateFileId":0,"dependencies":[],"isAvailable":true,"modules":[{"foldername":"META-INF","fingerprint":602189573,"type":3},{"foldername":"com","fingerprint":179680544,"type":3},{"foldername":"assets","fingerprint":2162652855,"type":3},{"foldername":"data","fingerprint":1592231603,"type":3},{"foldername":"pack.mcmeta","fingerprint":2933347059,"type":3}],"packageFingerprint":3720113930,"gameVersion":["1.16.3","1.16.5","Forge","1.16.4"],"sortableGameVersion":[{"gameVersionPadded":"0000000001.0000000016.0000000003","gameVersion":"1.16.3","gameVersionReleaseDate":"2020-09-10T14:44:20.443Z","gameVersionName":"1.16.3","gameVersionTypeId":70886},{"gameVersionPadded":"0000000001.0000000016.0000000005","gameVersion":"1.16.5","gameVersionReleaseDate":"2021-01-15T14:14:48.91Z","gameVersionName":"1.16.5","gameVersionTypeId":70886},{"gameVersionPadded":"0","gameVersion":"","gameVersionReleaseDate":"2019-08-01T00:00:00Z","gameVersionName":"Forge","gameVersionTypeId":68441},{"gameVersionPadded":"0000000001.0000000016.0000000004","gameVersion":"1.16.4","gameVersionReleaseDate":"2020-11-02T18:40:51.49Z","gameVersionName":"1.16.4","gameVersionTypeId":70886}],"installMetadata":null,"changelog":null,"hasInstallScript":false,"isCompatibleWithClient":true,"categorySectionPackageType":6,"restrictProjectFileAccess":1,"projectStatus":4,"renderCacheId":2688333,"fileLegacyMappingId":null,"projectId":223852,"parentProjectFileId":null,"parentFileLegacyMappingId":null,"fileTypeId":null,"exposeAsAlternative":null,"packageFingerprintId":837350452,"gameVersionDateReleased":"2019-08-01T00:00:00Z","gameVersionMappingId":3683186,"gameVersionId":7498,"gameId":432,"isServerPack":false,"serverPackFileId":null,"gameVersionFlavor":null,"hashes":[{"algorithm":1,"value":"4e8a3512a795833e047305d0b46bb3b74d45f73f"},{"algorithm":2,"value":"dc4993c727338dee8b1d7a8c4a6ee0b3"}],"downloadCount":244748,"projectID":223852,"name":"Storage Drawers","fileID":3611471},{"displayName":"v1.20.6 for Forge 1.16.5 - 1.16.2","fileName":"XaerosWorldMap_1.20.6_Forge_1.16.5.jar","fileDate":"2022-04-03T10:19:44.43Z","fileLength":515615,"releaseType":1,"fileStatus":4,"downloadUrl":"https://edge.forgecdn.net/files/3732/796/XaerosWorldMap_1.20.6_Forge_1.16.5.jar","isAlternate":false,"alternateFileId":0,"dependencies":[],"isAvailable":true,"modules":[{"foldername":"META-INF","fingerprint":1037198656,"type":3},{"foldername":"assets","fingerprint":119616059,"type":3},{"foldername":"pack.mcmeta","fingerprint":3311696649,"type":3},{"foldername":"xaero","fingerprint":1173961458,"type":3}],"packageFingerprint":4131213774,"gameVersion":["1.16.3","1.16.5","Forge","1.16.4","1.16.2"],"sortableGameVersion":[{"gameVersionPadded":"0000000001.0000000016.0000000003","gameVersion":"1.16.3","gameVersionReleaseDate":"2020-09-10T14:44:20.443Z","gameVersionName":"1.16.3","gameVersionTypeId":70886},{"gameVersionPadded":"0000000001.0000000016.0000000005","gameVersion":"1.16.5","gameVersionReleaseDate":"2021-01-15T14:14:48.91Z","gameVersionName":"1.16.5","gameVersionTypeId":70886},{"gameVersionPadded":"0","gameVersion":"","gameVersionReleaseDate":"2019-08-01T00:00:00Z","gameVersionName":"Forge","gameVersionTypeId":68441},{"gameVersionPadded":"0000000001.0000000016.0000000004","gameVersion":"1.16.4","gameVersionReleaseDate":"2020-11-02T18:40:51.49Z","gameVersionName":"1.16.4","gameVersionTypeId":70886},{"gameVersionPadded":"0000000001.0000000016.0000000002","gameVersion":"1.16.2","gameVersionReleaseDate":"2020-08-11T16:42:21.863Z","gameVersionName":"1.16.2","gameVersionTypeId":70886}],"installMetadata":null,"changelog":null,"hasInstallScript":false,"isCompatibleWithClient":true,"categorySectionPackageType":6,"restrictProjectFileAccess":1,"projectStatus":4,"renderCacheId":2835201,"fileLegacyMappingId":null,"projectId":317780,"parentProjectFileId":null,"parentFileLegacyMappingId":null,"fileTypeId":null,"exposeAsAlternative":null,"packageFingerprintId":894089853,"gameVersionDateReleased":"2019-08-01T00:00:00Z","gameVersionMappingId":3950050,"gameVersionId":7498,"gameId":432,"isServerPack":false,"serverPackFileId":null,"gameVersionFlavor":null,"hashes":[{"algorithm":1,"value":"1f6e84fe7ca8028c63b657a7fe3ed91e2e417103"},{"algorithm":2,"value":"300a3db86fd1f48040d7565531890feb"}],"downloadCount":0,"projectID":317780,"name":"Xaero's World Map","fileID":3732796}],"overrides":["background.png","config\\curios-client.toml","config\\fml.toml","config\\forge-client.toml","config\\forge-common.toml","config\\jei\\ingredient-list-mod-sort-order.ini","config\\jei\\ingredient-list-type-sort-order.ini","config\\jei\\recipe-category-sort-order.ini","config\\jei-client.toml","config\\storagedrawers-common.toml","config\\worldedit\\worldedit.properties","config\\xaerominimap.txt","config\\xaeropatreon.txt","config\\xaeroworldmap.txt","mods\\OptiFine_1.16.5_HD_U_G8.jar","options.txt","servers.dat"],"lastPlayed":1649539962125}